feature,importance
card1,1744
TransactionAmt,1108
TransactionDay,1057
C13,801
D15,660
D2,628
D10,585
C1,564
D1,563
D4,560
C2,447
TransactionHour,411
C14,361
C6,353
C5,343
D11,339
C9,337
D3,289
D5,279
C11,264
TransactionWeek,161
C12,137
M4_Missing,136
M6_F,128
card6_credit,113
P_email_group_gmail,103
card6_debit,102
M4_M0,100
M6_T,100
card4_mastercard,96
C8,94
P_email_group_yahoo,92
ProductCD_H,89
ProductCD_R,88
M4_M1,88
P_email_group_other,79
R_email_group_gmail,75
R_email_group_anonymous,74
P_email_group_anonymous,73
DeviceType_mobile,73
C10,72
R_email_group_hotmail,70
P_email_group_hotmail,60
R_email_group_yahoo,56
C4,54
P_email_group_aol,53
C7,52
P_email_group_Missing,51
card4_visa,51
C3,50
id_36_T,50
id_37_F,45
card4_discover,44
M4_M2,41
same_email_domain_0,40
P_email_group_mail,33
DeviceType_desktop,31
R_email_group_Missing,30
M6_Missing,30
R_email_group_other,27
R_email_group_outlook,27
R_email_group_mail,26
id_38_F,26
R_email_group_apple,25
card4_american express,25
id_36_F,24
id_35_T,24
id_35_F,20
ProductCD_C,19
id_37_T,19
P_email_group_apple,18
ProductCD_S,18
P_email_group_outlook,12
id_38_T,11
ProductCD_W,10
P_email_missing_0,10
has_identity_0,10
same_email_domain_1,9
card4_Missing,8
R_email_missing_0,7
R_email_group_aol,6
P_email_missing_1,3
DeviceType_Missing,3
card6_Missing,2
id_35_Missing,2
R_email_missing_1,2
card6_charge card,0
card6_debit or credit,0
id_37_Missing,0
id_36_Missing,0
id_38_Missing,0
has_identity_1,0
