ensemble_name,weights,roc_auc,pr_auc,logloss,f1_0_50
LightGBM_XGBoost_CatBoost,"LightGBM:0.70, XGBoost:0.20, CatBoost:0.10",0.9292235986283748,0.5904929160174203,0.1620658158530712,0.4980807040539275
LightGBM_XGBoost_CatBoost,"LightGBM:0.70, XGBoost:0.15, CatBoost:0.15",0.9292143833691672,0.5895551718064909,0.1647967863856836,0.4972530030729118
LightGBM_XGBoost_CatBoost,"LightGBM:0.65, XGBoost:0.20, CatBoost:0.15",0.9292047535528446,0.5880417286934437,0.1694544640836189,0.49210139603232916
LightGBM_XGBoost_CatBoost,"LightGBM:0.65, XGBoost:0.25, CatBoost:0.10",0.9292046585501723,0.5889618352894518,0.16669462643946378,0.49344655713494556
LightGBM_XGBoost_CatBoost,"LightGBM:0.75, XGBoost:0.15, CatBoost:0.10",0.9291444894713689,0.5918134356255125,0.1575417132962713,0.5038921587241314
LightGBM_XGBoost_CatBoost,"LightGBM:0.75, XGBoost:0.10, CatBoost:0.15",0.9291129636982461,0.5908765716087685,0.160243461202385,0.5026455026455027
LightGBM_XGBoost_CatBoost,"LightGBM:0.60, XGBoost:0.25, CatBoost:0.15",0.9291086389175074,0.5863574788546823,0.1742147792935297,0.48741315528286566
LightGBM_XGBoost_CatBoost,"LightGBM:0.60, XGBoost:0.30, CatBoost:0.10",0.9290985513610367,0.5872395430196903,0.17142634820402422,0.48792445977846377
LightGBM_XGBoost_CatBoost,"LightGBM:0.65, XGBoost:0.15, CatBoost:0.20",0.9290890770036323,0.5870524828282842,0.17227323684177248,0.49100374463421315
LightGBM_XGBoost_CatBoost,"LightGBM:0.70, XGBoost:0.25, CatBoost:0.05",0.9290875008229336,0.5913534036120829,0.1593989666156902,0.5004701899567425
LightGBM_XGBoost_CatBoost,"LightGBM:0.70, XGBoost:0.10, CatBoost:0.20",0.9290756643536332,0.5885263800641694,0.16758859591321337,0.4957312546399406
LightGBM_XGBoost_CatBoost,"LightGBM:0.65, XGBoost:0.30, CatBoost:0.05",0.9290652550835676,0.5898084128795004,0.1639964832210606,0.4947192884936076
LightGBM_XGBoost_CatBoost,"LightGBM:0.75, XGBoost:0.20, CatBoost:0.05",0.9290125566694449,0.5927129496967,0.1549073444102613,0.5044289932374512
LightGBM_XGBoost_CatBoost,"LightGBM:0.60, XGBoost:0.20, CatBoost:0.20",0.9290059108006912,0.5854126359591317,0.17706075503613877,0.48575792973312965
LightGBM_XGBoost_CatBoost,"LightGBM:0.60, XGBoost:0.35, CatBoost:0.05",0.9289597395019819,0.5880391824098662,0.16869778849703243,0.4896099161502005
LightGBM_XGBoost_CatBoost,"LightGBM:0.75, XGBoost:0.05, CatBoost:0.20",0.9289464391278679,0.589833186045424,0.16300868413834835,0.5017887403502165
LightGBM_XGBoost_CatBoost,"LightGBM:0.80, XGBoost:0.10, CatBoost:0.10",0.9289404366863036,0.5929768368070796,0.1531260650957384,0.5067230119093353
LightGBM_XGBoost_CatBoost,"LightGBM:0.55, XGBoost:0.30, CatBoost:0.15",0.9289273198400794,0.5844588138482517,0.17907744627371702,0.4820111930354446
LightGBM_XGBoost_CatBoost,"LightGBM:0.55, XGBoost:0.35, CatBoost:0.10",0.9289127002243123,0.5853171894689672,0.1762605806733704,0.48343602107331013
LightGBM_XGBoost_CatBoost,"LightGBM:0.80, XGBoost:0.05, CatBoost:0.15",0.9288809758092386,0.5920398649087117,0.15579827535751667,0.5058834784272458
LightGBM_XGBoost_CatBoost,"LightGBM:0.65, XGBoost:0.10, CatBoost:0.25",0.9288625992696147,0.5859724920548913,0.17514968593453975,0.48900199963642976
LightGBM_XGBoost_CatBoost,"LightGBM:0.55, XGBoost:0.25, CatBoost:0.20",0.9288395935088708,0.5835109078404348,0.18195085397586505,0.47985865724381627
LightGBM_XGBoost_CatBoost,"LightGBM:0.70, XGBoost:0.05, CatBoost:0.25",0.9288197379503721,0.5874122977280708,0.1704398115519747,0.49330995663006366
LightGBM_XGBoost_CatBoost,"LightGBM:0.80, XGBoost:0.15, CatBoost:0.05",0.9288192111173715,0.5939310135717946,0.15052572138854514,0.5082425527812591
LightGBM_XGBoost_CatBoost,"LightGBM:0.60, XGBoost:0.15, CatBoost:0.25",0.9287998996650869,0.5843018822799408,0.17996320552858935,0.48372675250357655
LightGBM_XGBoost_CatBoost,"LightGBM:0.55, XGBoost:0.40, CatBoost:0.05",0.9287753047687344,0.5860897704341534,0.1735022257219617,0.48515295595227415
LightGBM_XGBoost_CatBoost,"LightGBM:0.75, XGBoost:0.25, CatBoost:0.00",0.9286867147768691,0.5934105690310377,0.15234845879906378,0.5053074495553218
LightGBM_XGBoost_CatBoost,"LightGBM:0.50, XGBoost:0.35, CatBoost:0.15",0.928677046095817,0.5823379810206174,0.1840432901731107,0.47531132979186624
LightGBM_XGBoost_CatBoost,"LightGBM:0.80, XGBoost:0.00, CatBoost:0.20",0.9286692256485701,0.590954874392729,0.15853777157747057,0.5052852109322922
LightGBM_XGBoost_CatBoost,"LightGBM:0.50, XGBoost:0.40, CatBoost:0.10",0.9286586889885577,0.5832028266631323,0.18119802882387412,0.4783447308434157
LightGBM_XGBoost_CatBoost,"LightGBM:0.55, XGBoost:0.20, CatBoost:0.25",0.9286526152949894,0.5824371904931591,0.18487991381889937,0.47809674304275307
LightGBM_XGBoost_CatBoost,"LightGBM:0.75, XGBoost:0.00, CatBoost:0.25",0.9286516933372384,0.5886719449264927,0.16583586929597152,0.49995317036620773
LightGBM_XGBoost_CatBoost,"LightGBM:0.50, XGBoost:0.30, CatBoost:0.20",0.9285952919780497,0.5813496296623019,0.18694440060190348,0.4745410460685833
LightGBM_XGBoost_CatBoost,"LightGBM:0.85, XGBoost:0.05, CatBoost:0.10",0.92857264679563,0.5939728504281795,0.14882570699579037,0.5103112840466926
LightGBM_XGBoost_CatBoost,"LightGBM:0.65, XGBoost:0.05, CatBoost:0.30",0.9285379384329872,0.5847385515433873,0.17808365440231888,0.48761525944675466
LightGBM_XGBoost_CatBoost,"LightGBM:0.50, XGBoost:0.45, CatBoost:0.05",0.9285252015974519,0.5840181271225507,0.17841028660100855,0.47976011994003
LightGBM_XGBoost_CatBoost,"LightGBM:0.60, XGBoost:0.10, CatBoost:0.30",0.9285052510362811,0.5831311382341874,0.18292197340613348,0.48139927195241056
LightGBM_XGBoost_CatBoost,"LightGBM:0.85, XGBoost:0.00, CatBoost:0.15",0.9284703116444125,0.5929804388806431,0.15146855841438997,0.5095874491574666
LightGBM_XGBoost_CatBoost,"LightGBM:0.85, XGBoost:0.10, CatBoost:0.05",0.9284671247365891,0.5948952004710333,0.14626126719668578,0.5116233639382692
LightGBM_XGBoost_CatBoost,"LightGBM:0.70, XGBoost:0.00, CatBoost:0.30",0.9284596281620887,0.5861539080617745,0.17335040983186678,0.4921042967315461
LightGBM_XGBoost_CatBoost,"LightGBM:0.50, XGBoost:0.25, CatBoost:0.25",0.9284206900213794,0.5803138052767426,0.18990063453661207,0.4723462727585022
LightGBM_XGBoost_CatBoost,"LightGBM:0.55, XGBoost:0.15, CatBoost:0.30",0.9283768570838979,0.5812776616137582,0.18786451936072082,0.47666404955072844
LightGBM_XGBoost_CatBoost,"LightGBM:0.45, XGBoost:0.40, CatBoost:0.15",0.9283520980920209,0.579991475676742,0.18911408768759008,0.46939471440750213
LightGBM_XGBoost_CatBoost,"LightGBM:0.45, XGBoost:0.45, CatBoost:0.10",0.9283345031652913,0.5808459966185481,0.18624035186572996,0.471427343817135
LightGBM_XGBoost_CatBoost,"LightGBM:0.45, XGBoost:0.35, CatBoost:0.20",0.928277836230451,0.578989383219183,0.19204323788519068,0.468077900084674
LightGBM_XGBoost_CatBoost,"LightGBM:0.50, XGBoost:0.50, CatBoost:0.00",0.9282708276242216,0.584719274176648,0.17568323994113083,0.4813108945969885
LightGBM_XGBoost_CatBoost,"LightGBM:0.45, XGBoost:0.50, CatBoost:0.05",0.928207516979779,0.5816356257582277,0.18342344975766894,0.4736478313461206
LightGBM_XGBoost_CatBoost,"LightGBM:0.50, XGBoost:0.20, CatBoost:0.30",0.928161457956955,0.5791850302859973,0.19291195674884196,0.4708795900939368
LightGBM_XGBoost_CatBoost,"LightGBM:0.60, XGBoost:0.05, CatBoost:0.35",0.9281230876731276,0.5818014232287374,0.18593769985618797,0.4802469135802469
LightGBM_XGBoost_CatBoost,"LightGBM:0.65, XGBoost:0.00, CatBoost:0.35",0.9281226947075288,0.5833635661165606,0.18107601329504458,0.48598130841121495
LightGBM_XGBoost_CatBoost,"LightGBM:0.45, XGBoost:0.30, CatBoost:0.25",0.9281120306575696,0.5779744620130394,0.19502722490223565,0.46687962340282446
LightGBM_XGBoost_CatBoost,"LightGBM:0.55, XGBoost:0.10, CatBoost:0.35",0.9280181377892718,0.5799737909316197,0.19090522895000664,0.4745176083758761
LightGBM_XGBoost_CatBoost,"LightGBM:0.90, XGBoost:0.00, CatBoost:0.10",0.9279770297011625,0.5947543983081395,0.14465340315493383,0.5136784097618579
LightGBM_XGBoost_CatBoost,"LightGBM:0.45, XGBoost:0.55, CatBoost:0.00",0.927963541480856,0.5823806487421533,0.18066611505091587,0.4756437021572721
LightGBM_XGBoost_CatBoost,"LightGBM:0.40, XGBoost:0.45, CatBoost:0.15",0.9279597975119088,0.5773762938419951,0.19429250152209754,0.46342480607223285
LightGBM_XGBoost_CatBoost,"LightGBM:0.40, XGBoost:0.50, CatBoost:0.10",0.9279423127019131,0.5782792374495909,0.1913900991221748,0.4640577762848505
LightGBM_XGBoost_CatBoost,"LightGBM:0.90, XGBoost:0.05, CatBoost:0.05",0.9279060842965144,0.59569409463773,0.14212656772389975,0.5151215655267839
LightGBM_XGBoost_CatBoost,"LightGBM:0.40, XGBoost:0.40, CatBoost:0.20",0.9278881676561903,0.5763944225941037,0.1972501080244537,0.4612711022840119
LightGBM_XGBoost_CatBoost,"LightGBM:0.45, XGBoost:0.25, CatBoost:0.30",0.9278615798628725,0.5768562989773953,0.19806609197417058,0.46543817226715584
LightGBM_XGBoost_CatBoost,"LightGBM:0.40, XGBoost:0.55, CatBoost:0.05",0.9278216765813795,0.5790911191417271,0.188544108019638,0.4660079385187062
LightGBM_XGBoost_CatBoost,"LightGBM:0.50, XGBoost:0.15, CatBoost:0.35",0.9278195757268318,0.5778836773517895,0.19597890959885877,0.46996107632425116
LightGBM_XGBoost_CatBoost,"LightGBM:0.40, XGBoost:0.35, CatBoost:0.25",0.9277303509443839,0.5753671331048837,0.20026247388201288,0.4601493884921612
LightGBM_XGBoost_CatBoost,"LightGBM:0.60, XGBoost:0.00, CatBoost:0.40",0.9276583432371279,0.5802929080784605,0.18901188973251581,0.47737200768827537
LightGBM_XGBoost_CatBoost,"LightGBM:0.55, XGBoost:0.05, CatBoost:0.40",0.9275788994116178,0.5785313137947795,0.19400326494688327,0.4730610844200412
LightGBM_XGBoost_CatBoost,"LightGBM:0.45, XGBoost:0.20, CatBoost:0.35",0.927534241678209,0.5755648759083685,0.20116039921079934,0.4620849165702957
LightGBM_XGBoost_CatBoost,"LightGBM:0.35, XGBoost:0.50, CatBoost:0.15",0.9275035709291366,0.5745308636857495,0.19958208168388944,0.4571755475645636
LightGBM_XGBoost_CatBoost,"LightGBM:0.35, XGBoost:0.55, CatBoost:0.10",0.9274881416315038,0.575455372798976,0.19665071024763117,0.4580077321707658
LightGBM_XGBoost_CatBoost,"LightGBM:0.40, XGBoost:0.30, CatBoost:0.30",0.927486988644527,0.5742600985885725,0.2033297223342691,0.457882314641491
LightGBM_XGBoost_CatBoost,"LightGBM:0.35, XGBoost:0.45, CatBoost:0.20",0.9274299740862723,0.5735298601421457,0.20256864958027807,0.45483269869561693
LightGBM_XGBoost_CatBoost,"LightGBM:0.50, XGBoost:0.10, CatBoost:0.40",0.9274003699581107,0.5764723436417231,0.19910258788364968,0.4666666666666667
LightGBM_XGBoost_CatBoost,"LightGBM:0.35, XGBoost:0.60, CatBoost:0.05",0.927374017512322,0.5762622515431656,0.1937755618531039,0.459224985540775
LightGBM_XGBoost_CatBoost,"LightGBM:0.35, XGBoost:0.40, CatBoost:0.25",0.9272759531630521,0.5724953500356001,0.20561008850746781,0.4520427000561843
LightGBM_XGBoost_CatBoost,"LightGBM:0.40, XGBoost:0.25, CatBoost:0.35",0.927168112175148,0.5730117108567532,0.20645244965505855,0.45475113122171945
LightGBM_XGBoost_CatBoost,"LightGBM:0.45, XGBoost:0.15, CatBoost:0.40",0.9271298930319355,0.5741600000195662,0.204311189540431,0.4588177501228099
LightGBM_XGBoost_CatBoost,"LightGBM:0.55, XGBoost:0.00, CatBoost:0.45",0.927061875436914,0.5769119612701109,0.19716064815044576,0.4703083850140175
LightGBM_XGBoost_CatBoost,"LightGBM:0.35, XGBoost:0.35, CatBoost:0.30",0.9270400615278762,0.5714266254876259,0.20870660080600686,0.44967403402766737
LightGBM_XGBoost_CatBoost,"LightGBM:0.95, XGBoost:0.00, CatBoost:0.05",0.927018202276654,0.5963456496902608,0.1381463769035411,0.5185259163087985
LightGBM_XGBoost_CatBoost,"LightGBM:0.30, XGBoost:0.55, CatBoost:0.15",0.9269845022378279,0.5714102180079628,0.20498732538240508,0.44931114119614557
LightGBM_XGBoost_CatBoost,"LightGBM:0.30, XGBoost:0.60, CatBoost:0.10",0.9269715365322186,0.5723789705001198,0.20202657305423943,0.4512146235869478
LightGBM_XGBoost_CatBoost,"LightGBM:0.30, XGBoost:0.50, CatBoost:0.20",0.9269104994744548,0.5704514438004533,0.2080034566413844,0.44644265657043697
LightGBM_XGBoost_CatBoost,"LightGBM:0.50, XGBoost:0.05, CatBoost:0.45",0.9269026984595728,0.5748938173188951,0.2022846953944332,0.46305827660634236
LightGBM_XGBoost_CatBoost,"LightGBM:0.30, XGBoost:0.65, CatBoost:0.05",0.9268632399633179,0.573199840235305,0.1991220718767764,0.4524521289488567
LightGBM_XGBoost_CatBoost,"LightGBM:0.40, XGBoost:0.20, CatBoost:0.40",0.9267759238709214,0.5716556284494978,0.20963168856462708,0.45117952818872453
LightGBM_XGBoost_CatBoost,"LightGBM:0.30, XGBoost:0.45, CatBoost:0.25",0.9267548419142904,0.5694852554486474,0.21107474894546455,0.444600828837282
LightGBM_XGBoost_CatBoost,"LightGBM:0.35, XGBoost:0.30, CatBoost:0.35",0.9267256545023957,0.570229669778071,0.21185882975100945,0.4466692944422546
LightGBM_XGBoost_CatBoost,"LightGBM:0.45, XGBoost:0.10, CatBoost:0.45",0.9266490672345075,0.5726295547867966,0.20752001204125514,0.45503159941662613
LightGBM_XGBoost_CatBoost,"LightGBM:0.30, XGBoost:0.40, CatBoost:0.30",0.9265209366986249,0.5683960217691709,0.21420148193126906,0.441721597518418
LightGBM_XGBoost_CatBoost,"LightGBM:0.25, XGBoost:0.60, CatBoost:0.15",0.926399335437307,0.5681304959451512,0.2105138002549089,0.4400341111714086
LightGBM_XGBoost_CatBoost,"LightGBM:0.25, XGBoost:0.65, CatBoost:0.10",0.9263891744696807,0.5690616113287146,0.20752314416636006,0.44168424341848295
LightGBM_XGBoost_CatBoost,"LightGBM:0.35, XGBoost:0.25, CatBoost:0.40",0.9263406237858619,0.5688587905963346,0.21506782316086548,0.4431782703715267
LightGBM_XGBoost_CatBoost,"LightGBM:0.50, XGBoost:0.00, CatBoost:0.50",0.9263352453391219,0.5731728474203912,0.205527724606614,0.459592641261498
LightGBM_XGBoost_CatBoost,"LightGBM:0.25, XGBoost:0.55, CatBoost:0.20",0.9263205890177769,0.5671481110125369,0.2135602033212472,0.438244562293444
LightGBM_XGBoost_CatBoost,"LightGBM:0.40, XGBoost:0.15, CatBoost:0.45",0.9263090289198866,0.5701199229709688,0.21286891604604605,0.44815841584158417
LightGBM_XGBoost_CatBoost,"LightGBM:0.25, XGBoost:0.70, CatBoost:0.05",0.9262910712556811,0.5698749463411,0.20458897534279707,0.4443218535739617
LightGBM_XGBoost_CatBoost,"LightGBM:0.30, XGBoost:0.35, CatBoost:0.35",0.9262118217538184,0.5671654386925349,0.21738435287459656,0.43814789219073946
LightGBM_XGBoost_CatBoost,"LightGBM:0.25, XGBoost:0.50, CatBoost:0.25",0.9261647759986943,0.5661427047195778,0.21666223273237695,0.43573117705393244
LightGBM_XGBoost_CatBoost,"LightGBM:0.45, XGBoost:0.05, CatBoost:0.50",0.9260994314334051,0.5709768619983349,0.21078901526591015,0.4512048675046033
LightGBM_XGBoost_CatBoost,"LightGBM:0.25, XGBoost:0.75, CatBoost:0.00",0.9260921939571016,0.5706989672470428,0.20171293904300472,0.44594166138237157
LightGBM_XGBoost_CatBoost,"LightGBM:0.25, XGBoost:0.45, CatBoost:0.30",0.9259284482148864,0.5650345743748302,0.21982024346046372,0.4322853688029021
LightGBM_XGBoost_CatBoost,"LightGBM:0.35, XGBoost:0.20, CatBoost:0.45",0.9258876359305522,0.5673828427489818,0.21833503367120904,0.4395960218949965
LightGBM_XGBoost_CatBoost,"LightGBM:0.30, XGBoost:0.30, CatBoost:0.40",0.9258314418499212,0.5658175687474489,0.2206244416226866,0.43427443837279905
LightGBM_XGBoost_CatBoost,"LightGBM:0.40, XGBoost:0.10, CatBoost:0.50",0.9257784217222039,0.5685332667094014,0.21616610791205476,0.44362840846941165
LightGBM_XGBoost_CatBoost,"LightGBM:0.20, XGBoost:0.65, CatBoost:0.15",0.925744015640791,0.564536679877128,0.21616834965286627,0.43049056603773583
LightGBM_XGBoost_CatBoost,"LightGBM:0.20, XGBoost:0.70, CatBoost:0.10",0.9257404638363401,0.5654356197065072,0.21314715133158735,0.43359731952482483
LightGBM_XGBoost_CatBoost,"LightGBM:0.20, XGBoost:0.60, CatBoost:0.20",0.9256631921173812,0.5635564578781052,0.21924585191223428,0.42927779442613123
LightGBM_XGBoost_CatBoost,"LightGBM:0.20, XGBoost:0.75, CatBoost:0.05",0.9256477973661749,0.5662507939169833,0.2101828852272568,0.4356511717249328
LightGBM_XGBoost_CatBoost,"LightGBM:0.25, XGBoost:0.40, CatBoost:0.35",0.9256212052545537,0.5637560974654352,0.22303499191060056,0.4294478527607362
LightGBM_XGBoost_CatBoost,"LightGBM:0.20, XGBoost:0.55, CatBoost:0.25",0.9255027347631168,0.5625128065904138,0.22237962555695845,0.4264705882352941
LightGBM_XGBoost_CatBoost,"LightGBM:0.45, XGBoost:0.00, CatBoost:0.55",0.9254857530354536,0.5691107171841862,0.21412116509386203,0.44815049004110025
LightGBM_XGBoost_CatBoost,"LightGBM:0.20, XGBoost:0.80, CatBoost:0.00",0.9254594610459107,0.5670991991197978,0.20727703978579654,0.43720498336299624
LightGBM_XGBoost_CatBoost,"LightGBM:0.30, XGBoost:0.25, CatBoost:0.45",0.92538469826116,0.5643374043162478,0.22392320724033754,0.4297942634029133
LightGBM_XGBoost_CatBoost,"LightGBM:0.35, XGBoost:0.15, CatBoost:0.50",0.9253647498591407,0.56575292967369,0.22166235397456469,0.4357703743233971
LightGBM_XGBoost_CatBoost,"LightGBM:0.20, XGBoost:0.50, CatBoost:0.30",0.9252615143416887,0.5613314357392805,0.22557009912868778,0.4238586156111929
LightGBM_XGBoost_CatBoost,"LightGBM:0.25, XGBoost:0.35, CatBoost:0.40",0.9252454891182028,0.5624632476974177,0.22630760254846333,0.4258436944937833
LightGBM_XGBoost_CatBoost,"LightGBM:1.00, XGBoost:0.00, CatBoost:0.00",0.9251932635582896,0.5977154532126074,0.13210843399656017,0.5222839818089945
LightGBM_XGBoost_CatBoost,"LightGBM:0.40, XGBoost:0.05, CatBoost:0.55",0.9251761026210401,0.5667148310641147,0.21952586195780716,0.43884393063583815
LightGBM_XGBoost_CatBoost,"LightGBM:0.15, XGBoost:0.75, CatBoost:0.10",0.9250192100261363,0.5614994866873069,0.21890691865832415,0.4253548339154343
LightGBM_XGBoost_CatBoost,"LightGBM:0.15, XGBoost:0.70, CatBoost:0.15",0.9250178152141758,0.5605718503503871,0.22195942136083088,0.4230118443316413
LightGBM_XGBoost_CatBoost,"LightGBM:0.20, XGBoost:0.45, CatBoost:0.35",0.9249541936518968,0.5601113722845521,0.2288180925505868,0.4203617269544924
LightGBM_XGBoost_CatBoost,"LightGBM:0.15, XGBoost:0.80, CatBoost:0.05",0.9249379546723984,0.5623550370845977,0.21591201329815543,0.4273414688927154
LightGBM_XGBoost_CatBoost,"LightGBM:0.15, XGBoost:0.65, CatBoost:0.20",0.9249300305858728,0.5596421732204026,0.22506898630263417,0.4201692936368943
LightGBM_XGBoost_CatBoost,"LightGBM:0.30, XGBoost:0.20, CatBoost:0.50",0.9248639842963001,0.5627257646578422,0.22728251299924193,0.4269712929307915
LightGBM_XGBoost_CatBoost,"LightGBM:0.25, XGBoost:0.30, CatBoost:0.45",0.924799363046811,0.5610150197658434,0.22963956296242033,0.4216532553035845
LightGBM_XGBoost_CatBoost,"LightGBM:0.35, XGBoost:0.10, CatBoost:0.55",0.9247733927708629,0.5640452978559918,0.2250521965493952,0.4307507326970767
LightGBM_XGBoost_CatBoost,"LightGBM:0.15, XGBoost:0.60, CatBoost:0.25",0.9247654708434887,0.5585495346173721,0.22823566044071647,0.4172329044383403
LightGBM_XGBoost_CatBoost,"LightGBM:0.20, XGBoost:0.40, CatBoost:0.40",0.9245769401995769,0.558777062986887,0.23212478543981896,0.4158330334652753
LightGBM_XGBoost_CatBoost,"LightGBM:0.15, XGBoost:0.55, CatBoost:0.30",0.9245226504906942,0.5573974626829671,0.2314599444376215,0.4138227087357802
LightGBM_XGBoost_CatBoost,"LightGBM:0.40, XGBoost:0.00, CatBoost:0.60",0.9245123491782109,0.5647712041846867,0.22295165514204138,0.43478260869565216
LightGBM_XGBoost_CatBoost,"LightGBM:0.25, XGBoost:0.25, CatBoost:0.50",0.9242821641808243,0.5594605432170631,0.233032743300576,0.4174126479930696
LightGBM_XGBoost_CatBoost,"LightGBM:0.30, XGBoost:0.15, CatBoost:0.55",0.9242799100265101,0.5610126208867798,0.23070468394080276,0.4214839748280404
LightGBM_XGBoost_CatBoost,"LightGBM:0.10, XGBoost:0.80, CatBoost:0.10",0.9242353818422002,0.5572633563726606,0.22481290415833496,0.4158043273753528
LightGBM_XGBoost_CatBoost,"LightGBM:0.10, XGBoost:0.75, CatBoost:0.15",0.9242205851759985,0.5563088087628028,0.2278976093216744,0.4141986375044819
LightGBM_XGBoost_CatBoost,"LightGBM:0.15, XGBoost:0.50, CatBoost:0.35",0.9242106573967492,0.5561629261338386,0.23474272611891567,0.4098904980572236
LightGBM_XGBoost_CatBoost,"LightGBM:0.10, XGBoost:0.85, CatBoost:0.05",0.9241599885851699,0.5581115819688177,0.22178670731541675,0.4189100459619173
LightGBM_XGBoost_CatBoost,"LightGBM:0.20, XGBoost:0.35, CatBoost:0.45",0.9241329668023719,0.5573929522693831,0.23549171170005487,0.4117271242989991
LightGBM_XGBoost_CatBoost,"LightGBM:0.10, XGBoost:0.70, CatBoost:0.20",0.9241253860209574,0.5553171433291012,0.2310403611931321,0.4112720045428734
LightGBM_XGBoost_CatBoost,"LightGBM:0.35, XGBoost:0.05, CatBoost:0.60",0.9241186667410478,0.5621417146685403,0.22850764648980154,0.4245702430349733
LightGBM_XGBoost_CatBoost,"LightGBM:0.10, XGBoost:0.90, CatBoost:0.00",0.9239985337028468,0.558968402335245,0.2188203047475458,0.4200940070505288
LightGBM_XGBoost_CatBoost,"LightGBM:0.10, XGBoost:0.65, CatBoost:0.25",0.9239521918311576,0.5542204172409163,0.23424127744747042,0.4077301475755446
LightGBM_XGBoost_CatBoost,"LightGBM:0.15, XGBoost:0.45, CatBoost:0.40",0.9238333326924252,0.5547918149148878,0.23808525023756755,0.40600349040139616
LightGBM_XGBoost_CatBoost,"LightGBM:0.10, XGBoost:0.60, CatBoost:0.30",0.9237050121511982,0.5530296896504626,0.23750092967883404,0.40448031167385556
LightGBM_XGBoost_CatBoost,"LightGBM:0.25, XGBoost:0.20, CatBoost:0.55",0.9236999878053274,0.5577298127344354,0.2364894418185253,0.4127390346200327
LightGBM_XGBoost_CatBoost,"LightGBM:0.30, XGBoost:0.10, CatBoost:0.60",0.9236318816850885,0.5591414036980378,0.234192611473833,0.41655848838886483
LightGBM_XGBoost_CatBoost,"LightGBM:0.20, XGBoost:0.30, CatBoost:0.50",0.9236182444833183,0.5558303266736417,0.23892077606138126,0.4069409459837671
LightGBM_XGBoost_CatBoost,"LightGBM:0.35, XGBoost:0.00, CatBoost:0.65",0.9234005285866635,0.5600078258283536,0.23203276500868655,0.41956204379562045
LightGBM_XGBoost_CatBoost,"LightGBM:0.10, XGBoost:0.55, CatBoost:0.35",0.9233889879211379,0.5517600211129723,0.24082027858528976,0.40013740982480245
LightGBM_XGBoost_CatBoost,"LightGBM:0.15, XGBoost:0.40, CatBoost:0.45",0.9233827026307083,0.5533335081390085,0.24148911322169764,0.40154280597837316
LightGBM_XGBoost_CatBoost,"LightGBM:0.05, XGBoost:0.85, CatBoost:0.10",0.9233750030959536,0.5526236499278606,0.23087867036206663,0.40760028149190713
LightGBM_XGBoost_CatBoost,"LightGBM:0.05, XGBoost:0.80, CatBoost:0.15",0.9233542968317082,0.5516231916492204,0.23399662920313127,0.40538654758582193
LightGBM_XGBoost_CatBoost,"LightGBM:0.05, XGBoost:0.90, CatBoost:0.05",0.9233149743620068,0.5535593804431442,0.22782042605154607,0.4092943935195054
LightGBM_XGBoost_CatBoost,"LightGBM:0.05, XGBoost:0.75, CatBoost:0.20",0.9232474425761044,0.5505673214600507,0.2371738903421331,0.40174009114763154
LightGBM_XGBoost_CatBoost,"LightGBM:0.05, XGBoost:0.70, CatBoost:0.25",0.9230674556952394,0.5494858312554741,0.24041063156642853,0.39827609796141744
LightGBM_XGBoost_CatBoost,"LightGBM:0.25, XGBoost:0.15, CatBoost:0.60",0.923058940001164,0.5558347770082042,0.24001246475086915,0.40717388258371867
LightGBM_XGBoost_CatBoost,"LightGBM:0.20, XGBoost:0.25, CatBoost:0.55",0.9230361285640676,0.5540945391099587,0.24241429305203735,0.40270400772573633
LightGBM_XGBoost_CatBoost,"LightGBM:0.10, XGBoost:0.50, CatBoost:0.40",0.9230040003876367,0.5504000536414442,0.24420064477144623,0.39617912065578215
LightGBM_XGBoost_CatBoost,"LightGBM:0.30, XGBoost:0.05, CatBoost:0.65",0.922925072599369,0.5570811385672977,0.23774994054330767,0.410609176654138
LightGBM_XGBoost_CatBoost,"LightGBM:0.15, XGBoost:0.35, CatBoost:0.50",0.9228675139349003,0.5517620678867786,0.2449562784608228,0.3988305683981507
LightGBM_XGBoost_CatBoost,"LightGBM:0.05, XGBoost:0.65, CatBoost:0.30",0.9228177109431293,0.5482192729648323,0.24370749416260065,0.39502837071061875
LightGBM_XGBoost_CatBoost,"LightGBM:0.10, XGBoost:0.45, CatBoost:0.45",0.9225522302938534,0.5488921198030257,0.24764370400347327,0.3924397248380418
LightGBM_XGBoost_CatBoost,"LightGBM:0.05, XGBoost:0.60, CatBoost:0.35",0.9224894248908949,0.5469425021885838,0.2470655179369566,0.39108679698445525
LightGBM_XGBoost_CatBoost,"LightGBM:0.00, XGBoost:0.90, CatBoost:0.10",0.9224413017191012,0.5475456587781422,0.23712302207538052,0.3984096517685769
LightGBM_XGBoost_CatBoost,"LightGBM:0.00, XGBoost:0.85, CatBoost:0.15",0.9224067833618029,0.546515933365253,0.24027546087839585,0.3960355712443147
LightGBM_XGBoost_CatBoost,"LightGBM:0.20, XGBoost:0.20, CatBoost:0.60",0.9223953614496176,0.5522144558813191,0.24597505358058677,0.39812359779726697
LightGBM_XGBoost_CatBoost,"LightGBM:0.00, XGBoost:0.95, CatBoost:0.05",0.9223916649820066,0.5485348795151238,0.23403189772940514,0.4007472497059434
LightGBM_XGBoost_CatBoost,"LightGBM:0.25, XGBoost:0.10, CatBoost:0.65",0.9223545642793446,0.5538000650887488,0.2436052597737476,0.40220689655172415
LightGBM_XGBoost_CatBoost,"LightGBM:0.00, XGBoost:0.80, CatBoost:0.20",0.9222932400544125,0.5453616045963366,0.24348881382753748,0.39368491770238495
LightGBM_XGBoost_CatBoost,"LightGBM:0.15, XGBoost:0.30, CatBoost:0.55",0.9222844091241974,0.550056263906007,0.24848911196247717,0.3932802355933338
LightGBM_XGBoost_CatBoost,"LightGBM:0.00, XGBoost:1.00, CatBoost:0.00",0.9222553804099485,0.5495022749597348,0.23100337717591993,0.4020898641588297
LightGBM_XGBoost_CatBoost,"LightGBM:0.30, XGBoost:0.00, CatBoost:0.70",0.9221518717598137,0.5548177409170099,0.24138143263791345,0.40488145048814506
LightGBM_XGBoost_CatBoost,"LightGBM:0.00, XGBoost:0.75, CatBoost:0.25",0.9221034506250935,0.5441885522146659,0.24676330248775064,0.3908994145822246
LightGBM_XGBoost_CatBoost,"LightGBM:0.05, XGBoost:0.55, CatBoost:0.40",0.9220966212284503,0.5455886475283659,0.2504861123939479,0.38829576907868724
LightGBM_XGBoost_CatBoost,"LightGBM:0.10, XGBoost:0.40, CatBoost:0.50",0.9220361088445356,0.5473011878670535,0.25115150238779743,0.38878283193996444
LightGBM_XGBoost_CatBoost,"LightGBM:0.00, XGBoost:0.70, CatBoost:0.30",0.9218433980830452,0.5429661258756243,0.2500996356628811,0.38806952857519095
LightGBM_XGBoost_CatBoost,"LightGBM:0.20, XGBoost:0.15, CatBoost:0.65",0.9216929095319111,0.5501608988219853,0.24960643116159925,0.3933569945757718
LightGBM_XGBoost_CatBoost,"LightGBM:0.15, XGBoost:0.25, CatBoost:0.60",0.9216426466408404,0.5482460869985475,0.2520904420025265,0.3884930060702032
LightGBM_XGBoost_CatBoost,"LightGBM:0.05, XGBoost:0.50, CatBoost:0.45",0.921636095774759,0.544055703564153,0.2539710526861453,0.38477526630293585
LightGBM_XGBoost_CatBoost,"LightGBM:0.25, XGBoost:0.05, CatBoost:0.70",0.921585750835926,0.5515328692258455,0.2472721473284049,0.39642082429501085
LightGBM_XGBoost_CatBoost,"LightGBM:0.00, XGBoost:0.65, CatBoost:0.35",0.9215092305017385,0.5416465731937185,0.25349894107572024,0.3843906239854555
LightGBM_XGBoost_CatBoost,"LightGBM:0.10, XGBoost:0.35, CatBoost:0.55",0.9214457017829801,0.5456163736817762,0.2547264909597243,0.3846804083490474
LightGBM_XGBoost_CatBoost,"LightGBM:0.05, XGBoost:0.45, CatBoost:0.50",0.9211137106265286,0.5424924384120645,0.25752249565447716,0.37995263393714396
LightGBM_XGBoost_CatBoost,"LightGBM:0.00, XGBoost:0.60, CatBoost:0.40",0.9211066955428442,0.5401841760306907,0.2569627357327499,0.3800128122998078
LightGBM_XGBoost_CatBoost,"LightGBM:0.15, XGBoost:0.20, CatBoost:0.65",0.9209397628928057,0.5462279838474144,0.2557636513011047,0.38483547925608014
LightGBM_XGBoost_CatBoost,"LightGBM:0.20, XGBoost:0.10, CatBoost:0.70",0.9209272635639509,0.5479509903149091,0.25331255309103445,0.38795545891809974
LightGBM_XGBoost_CatBoost,"LightGBM:0.10, XGBoost:0.30, CatBoost:0.60",0.9208012489966774,0.5438122811402378,0.2583715825161147,0.3812207775571639
LightGBM_XGBoost_CatBoost,"LightGBM:0.25, XGBoost:0.00, CatBoost:0.75",0.9207557902180097,0.549046388868523,0.2510187652232205,0.39066355451817275
LightGBM_XGBoost_CatBoost,"LightGBM:0.00, XGBoost:0.55, CatBoost:0.45",0.9206371102888634,0.5386287866001226,0.2604929226653932,0.375908487644568
LightGBM_XGBoost_CatBoost,"LightGBM:0.05, XGBoost:0.40, CatBoost:0.55",0.920523532435047,0.5407578877593322,0.26114301526457184,0.376200101061142
LightGBM_XGBoost_CatBoost,"LightGBM:0.15, XGBoost:0.15, CatBoost:0.70",0.9201695157726966,0.5439425541544398,0.25951281865782033,0.3799577112833985
LightGBM_XGBoost_CatBoost,"LightGBM:0.00, XGBoost:0.50, CatBoost:0.50",0.9201027828729018,0.5370337338215206,0.26409180900648155,0.37201471596932095
LightGBM_XGBoost_CatBoost,"LightGBM:0.20, XGBoost:0.05, CatBoost:0.75",0.920095016404446,0.5454859076393612,0.25709859336313634,0.3832879200726612
LightGBM_XGBoost_CatBoost,"LightGBM:0.10, XGBoost:0.25, CatBoost:0.65",0.9200921339370043,0.5417330666808435,0.2620902375091995,0.3758753390953252
LightGBM_XGBoost_CatBoost,"LightGBM:0.05, XGBoost:0.35, CatBoost:0.60",0.9198683227552645,0.5388457520150917,0.2648356599514876,0.3711353032659409
LightGBM_XGBoost_CatBoost,"LightGBM:0.00, XGBoost:0.45, CatBoost:0.55",0.919504274674386,0.5352183140939064,0.2677621446290201,0.36835629921259844
LightGBM_XGBoost_CatBoost,"LightGBM:0.15, XGBoost:0.10, CatBoost:0.75",0.9193368475786216,0.5415214840247763,0.2633429443359201,0.3751734578024473
LightGBM_XGBoost_CatBoost,"LightGBM:0.10, XGBoost:0.20, CatBoost:0.70",0.9193172511183201,0.5395182889149505,0.26588659204516174,0.37105083483334367
LightGBM_XGBoost_CatBoost,"LightGBM:0.20, XGBoost:0.00, CatBoost:0.80",0.9192032392750238,0.5428343152907227,0.260971336365462,0.37786137856277496
LightGBM_XGBoost_CatBoost,"LightGBM:0.05, XGBoost:0.30, CatBoost:0.65",0.9191503940385892,0.5367687142749793,0.2686040380080129,0.3680078508341511
LightGBM_XGBoost_CatBoost,"LightGBM:0.00, XGBoost:0.40, CatBoost:0.60",0.9188386190189602,0.5332697162096337,0.27150718395008794,0.36383468670464186
LightGBM_XGBoost_CatBoost,"LightGBM:0.10, XGBoost:0.15, CatBoost:0.75",0.9184781249016845,0.5370891368438763,0.269765652661147,0.3664505077694849
LightGBM_XGBoost_CatBoost,"LightGBM:0.15, XGBoost:0.05, CatBoost:0.80",0.9184409874934445,0.5389086987038688,0.2672603358934828,0.36911091875850127
LightGBM_XGBoost_CatBoost,"LightGBM:0.05, XGBoost:0.25, CatBoost:0.70",0.9183680340777693,0.5345325188853711,0.27245244250058515,0.3630323165206886
LightGBM_XGBoost_CatBoost,"LightGBM:0.00, XGBoost:0.35, CatBoost:0.65",0.9181121292660253,0.5311172177010691,0.2753307772406244,0.3595075893390702
LightGBM_XGBoost_CatBoost,"LightGBM:0.10, XGBoost:0.10, CatBoost:0.80",0.9175796479247172,0.534428733142195,0.2737336075490681,0.3611863081272935
LightGBM_XGBoost_CatBoost,"LightGBM:0.05, XGBoost:0.20, CatBoost:0.75",0.9175254596959616,0.5320430464757446,0.27638603656902305,0.3589041095890411
LightGBM_XGBoost_CatBoost,"LightGBM:0.15, XGBoost:0.00, CatBoost:0.85",0.917478951569596,0.5358900808935951,0.27127335909846645,0.3637802947265863
LightGBM_XGBoost_CatBoost,"LightGBM:0.00, XGBoost:0.30, CatBoost:0.70",0.9173222468208851,0.5289387639802499,0.2792375031811551,0.3550873889248514
LightGBM_XGBoost_CatBoost,"LightGBM:0.10, XGBoost:0.05, CatBoost:0.85",0.9166146496448163,0.531550014061007,0.277798366640111,0.35672341182751055
LightGBM_XGBoost_CatBoost,"LightGBM:0.05, XGBoost:0.15, CatBoost:0.80",0.916614336567828,0.5294374858211666,0.2804111385445595,0.35363066283771905
LightGBM_XGBoost_CatBoost,"LightGBM:0.00, XGBoost:0.25, CatBoost:0.75",0.9164664735450906,0.5264298088568856,0.2832328636309428,0.3507185906351414
LightGBM_XGBoost_CatBoost,"LightGBM:0.05, XGBoost:0.10, CatBoost:0.85",0.9156406649757818,0.5265259673308815,0.28453568791758466,0.3483476555741392
LightGBM_XGBoost_CatBoost,"LightGBM:0.10, XGBoost:0.00, CatBoost:0.90",0.9155812602366594,0.5281849628055598,0.28197063928857413,0.3510656934306569
LightGBM_XGBoost_CatBoost,"LightGBM:0.00, XGBoost:0.20, CatBoost:0.80",0.9155513689413297,0.5237586736456628,0.2873235792918677,0.3458749643163003
LightGBM_XGBoost_CatBoost,"LightGBM:0.05, XGBoost:0.05, CatBoost:0.90",0.9146028298743945,0.5232098135348615,0.28877008200283016,0.3438476840011367
LightGBM_XGBoost_CatBoost,"LightGBM:0.00, XGBoost:0.15, CatBoost:0.85",0.9145632979669835,0.5206765572844174,0.29151806283610754,0.3416334101512
LightGBM_XGBoost_CatBoost,"LightGBM:0.00, XGBoost:0.10, CatBoost:0.90",0.9135147685875141,0.5173359142304753,0.295827238319433,0.33639177537032944
LightGBM_XGBoost_CatBoost,"LightGBM:0.05, XGBoost:0.00, CatBoost:0.95",0.9134919420363564,0.5193902294027248,0.29312893427131176,0.3392048314041268
LightGBM_XGBoost_CatBoost,"LightGBM:0.00, XGBoost:0.05, CatBoost:0.95",0.9123933613626769,0.5134509318047681,0.3002661452913314,0.33148329524431386
LightGBM_XGBoost_CatBoost,"LightGBM:0.00, XGBoost:0.00, CatBoost:1.00",0.9111977808014872,0.5091054720339536,0.3048578305791951,0.3268890912011996
